College of Computer Studies,CCS,04/03/2025 3:07:12 pm,1
College of Computer A Studies,CCAS,04/03/2025 3:07:12 pm,1
College of Computer B Studies,CCBS,04/03/2025 3:07:12 pm,1
College of Computer C Studies,CCCS,04/03/2025 3:07:12 pm,1
College of Computer D Studies,CCDS,04/03/2025 3:07:12 pm,1
College of Computer E Studies,CCES,04/03/2025 3:07:12 pm,1
College of Computer F Studies,CCFS,04/03/2025 3:07:12 pm,1
College of Computer G Studies,CCGS,04/03/2025 3:07:12 pm,1
College of Computer H Studies,CCHS,04/03/2025 3:07:12 pm,1
College of Computer I Studies,CCIS,04/03/2025 3:07:12 pm,1
College of Computer J Studies,CCJS,04/03/2025 3:07:12 pm,1
College of Computer K Studies,CCKS,04/03/2025 3:07:12 pm,1
College of Computer L Studies,CCLS,04/03/2025 3:07:12 pm,1
College of Computer M Studies,CCMS,04/03/2025 3:07:12 pm,1
College of Computer N Studies,CCNS,04/03/2025 3:07:12 pm,1
College of Computer O Studies,CCOS,04/03/2025 3:07:12 pm,1
College of Computer P Studies,CCPS,04/03/2025 3:07:12 pm,1
College of Computer Q Studies,CCQS,04/03/2025 3:07:12 pm,1
College of Computer R Studies,CCRS,04/03/2025 3:07:12 pm,1
College of Computer S Studies,CCSS,04/03/2025 3:07:12 pm,1
College of Computer T Studies,CCTS,04/03/2025 3:07:12 pm,1
College of Computer U Studies,CCUS,04/03/2025 3:07:12 pm,1
College of Computer V Studies,CCVS,04/03/2025 3:07:12 pm,1
College of Computer W Studies,CCWS,04/03/2025 3:07:12 pm,1
College of Computer X Studies,CCXS,04/03/2025 3:07:12 pm,1
College of Computer Y Studies,CCYS,04/03/2025 3:07:12 pm,1
College of Computer Z Studies,CCZS,04/03/2025 3:07:12 pm,1
College of Computer AA Studies,CCAAS,04/03/2025 3:07:12 pm,1
College of Computer BB Studies,CCBBS,04/03/2025 3:07:12 pm,1
College of Computer CC Studies,CCCCS,04/03/2025 3:07:12 pm,1
College of Computer DD Studies,CCDDS,04/03/2025 3:07:12 pm,1
College of Computer EE Studies,CCEES,04/03/2025 3:07:12 pm,1
College of Computer FF Studies,CCFFS,04/03/2025 3:07:12 pm,1
College of Computer GG Studies,CCGGS,04/03/2025 3:07:12 pm,1
College of Computer HH Studies,CCHHS,04/03/2025 3:07:12 pm,1
College of Computer II Studies,CCIIS,04/03/2025 3:07:12 pm,1
College of Computer JJ Studies,CCJJS,04/03/2025 3:07:12 pm,1
College of Computer KK Studies,CCKKS,04/03/2025 3:07:12 pm,1
College of Computer LL Studies,CCLLS,04/03/2025 3:07:12 pm,1
College of Computer MM Studies,CCMMS,04/03/2025 3:07:12 pm,1
College of Computer NN Studies,CCNNS,04/03/2025 3:07:12 pm,1
College of Computer OO Studies,CCOOS,04/03/2025 3:07:12 pm,1
College of Computer PP Studies,CCPPS,04/03/2025 3:07:12 pm,1
College of Computer QQ Studies,CCQQS,04/03/2025 3:07:12 pm,1
College of Computer RR Studies,CCRRS,04/03/2025 3:07:12 pm,1
College of Computer SS Studies,CCSSS,04/03/2025 3:07:12 pm,1
College of Computer TT Studies,CCTTS,04/03/2025 3:07:12 pm,1
College of Computer UU Studies,CCUUS,04/03/2025 3:07:12 pm,1
College of Computer VV Studies,CCVVS,04/03/2025 3:07:12 pm,1
College of Computer WW Studies,CCWWS,04/03/2025 3:07:12 pm,1
College of Computer XX Studies,CCXXS,04/03/2025 3:07:12 pm,1
College of Computer YY Studies,CCYYS,04/03/2025 3:07:12 pm,1
College of Computer ZZ Studies,CCZZS,04/03/2025 3:07:12 pm,1
College of Computer AAA Studies,CCAAAS,04/03/2025 3:07:12 pm,1
College of Computer BBB Studies,CCBBBS,04/03/2025 3:07:12 pm,1
College of Computer CCC Studies,CCCCCS,04/03/2025 3:07:12 pm,1
College of Computer DDD Studies,CCDDDS,04/03/2025 3:07:12 pm,1
College of Computer EEE Studies,CCEEES,04/03/2025 3:07:12 pm,1
College of Computer FFF Studies,CCFFFS,04/03/2025 3:07:12 pm,1
College of Computer GGG Studies,CCGGGS,04/03/2025 3:07:12 pm,1
College of Computer HHH Studies,CCHHHS,04/03/2025 3:07:12 pm,1
College of Computer III Studies,CCIIIS,04/03/2025 3:07:12 pm,1
College of Computer JJJ Studies,CCJJJS,04/03/2025 3:07:12 pm,1
College of Computer KKK Studies,CCKKKS,04/03/2025 3:07:12 pm,1
College of Computer LLL Studies,CCLLLS,04/03/2025 3:07:12 pm,1
College of Computer MMM Studies,CCMMMS,04/03/2025 3:07:12 pm,1
College of Computer NNN Studies,CCNNNS,04/03/2025 3:07:12 pm,1
College of Computer OOO Studies,CCOOOS,04/03/2025 3:07:12 pm,1
College of Computer PPP Studies,CCPPPS,04/03/2025 3:07:12 pm,1
College of Computer QQQ Studies,CCQQQS,04/03/2025 3:07:12 pm,1
College of Computer RRR Studies,CCRRRS,04/03/2025 3:07:12 pm,1
College of Computer SSS Studies,CCSSSS,04/03/2025 3:07:12 pm,1
College of Computer TTT Studies,CCTTTS,04/03/2025 3:07:12 pm,1
College of Computer UUU Studies,CCUUUS,04/03/2025 3:07:12 pm,1
College of Computer VVV Studies,CCVVVS,04/03/2025 3:07:12 pm,1
College of Computer WWW Studies,CCWWWS,04/03/2025 3:07:12 pm,1
College of Computer XXX Studies,CCXXXS,04/03/2025 3:07:12 pm,1
College of Computer YYY Studies,CCYYYS,04/03/2025 3:07:12 pm,1
College of Computer ZZZ Studies,CCZZZS,04/03/2025 3:07:12 pm,1
College of Computer AAAA Studies,CCAAAAS,04/03/2025 3:07:12 pm,1
College of Computer BBBB Studies,CCBBBBS,04/03/2025 3:07:12 pm,1
College of Computer CCCC Studies,CCCCCCS,04/03/2025 3:07:12 pm,1
College of Computer DDDD Studies,CCDDDDS,04/03/2025 3:07:12 pm,1
College of Computer EEEE Studies,CCEEEES,04/03/2025 3:07:12 pm,1
College of Computer FFFF Studies,CCFFFFS,04/03/2025 3:07:12 pm,1
College of Computer GGGG Studies,CCGGGGS,04/03/2025 3:07:12 pm,1
College of Computer HHHH Studies,CCHHHHS,04/03/2025 3:07:12 pm,1
College of Computer IIII Studies,CCIIIIS,04/03/2025 3:07:12 pm,1
College of Computer JJJJ Studies,CCJJJJS,04/03/2025 3:07:12 pm,1
College of Computer KKKK Studies,CCKKKKS,04/03/2025 3:07:12 pm,1
College of Computer LLLL Studies,CCLLLLS,04/03/2025 3:07:12 pm,1
College of Computer MMMM Studies,CCMMMMS,04/03/2025 3:07:12 pm,1
College of Computer NNNN Studies,CCNNNNS,04/03/2025 3:07:12 pm,1
College of Computer OOOO Studies,CCOOOOS,04/03/2025 3:07:12 pm,1
College of Computer PPPP Studies,CCPPPPS,04/03/2025 3:07:12 pm,1
College of Computer QQQQ Studies,CCQQQQS,04/03/2025 3:07:12 pm,1
College of Computer RRRR Studies,CCRRRRS,04/03/2025 3:07:12 pm,1
College of Computer SSSS Studies,CCSSSSS,04/03/2025 3:07:12 pm,1
College of Computer TTTT Studies,CCTTTTS,04/03/2025 3:07:12 pm,1
College of Computer UUUU Studies,CCUUUUS,04/03/2025 3:07:12 pm,1
College of Computer VVVV Studies,CCVVVVS,04/03/2025 3:07:12 pm,1
College of Computer WWWW Studies,CCWWWWS,04/03/2025 3:07:12 pm,1
College of Computer XXXX Studies,CCXXXXS,04/03/2025 3:07:12 pm,1
College of Computer YYYY Studies,CCYYYYS,04/03/2025 3:07:12 pm,1
College of Computer ZZZZ Studies,CCZZZZS,04/03/2025 3:07:12 pm,1
