Computer Science,BSCS,CCS,04/03/2025 3:07:23 pm,1
Computer A Science,BSCAS,CCAS,04/03/2025 3:18:21 pm,1
Computer B Science,BSCBS,CCBS,04/03/2025 3:18:21 pm,1
Computer C Science,BSCCS,CCCS,04/03/2025 3:18:21 pm,1
Computer D Science,BSCDS,CCDS,04/03/2025 3:18:21 pm,1
Computer E Science,BSCES,CCES,04/03/2025 3:18:21 pm,1
Computer F Science,BSCFS,CCFS,04/03/2025 3:18:21 pm,1
Computer G Science,BSCGS,CCGS,04/03/2025 3:18:21 pm,1
Computer H Science,BSCHS,CCHS,04/03/2025 3:18:21 pm,1
Computer I Science,BSCIS,CCIS,04/03/2025 3:18:21 pm,1
Computer J Science,BSCJS,CCJS,04/03/2025 3:18:21 pm,1
Computer K Science,BSCKS,CCKS,04/03/2025 3:18:21 pm,1
Computer L Science,BSCLS,CCLS,04/03/2025 3:18:21 pm,1
Computer M Science,BSCMS,CCMS,04/03/2025 3:18:21 pm,1
Computer N Science,BSCNS,CCNS,04/03/2025 3:18:21 pm,1
Computer O Science,BSCOS,CCOS,04/03/2025 3:18:21 pm,1
Computer P Science,BSCPS,CCPS,04/03/2025 3:18:21 pm,1
Computer Q Science,BSCQS,CCQS,04/03/2025 3:18:21 pm,1
Computer R Science,BSCRS,CCRS,04/03/2025 3:18:21 pm,1
Computer S Science,BSCSS,CCSS,04/03/2025 3:18:21 pm,1
Computer T Science,BSCTS,CCTS,04/03/2025 3:18:21 pm,1
Computer U Science,BSCUS,CCUS,04/03/2025 3:18:21 pm,1
Computer V Science,BSCVS,CCVS,04/03/2025 3:18:21 pm,1
Computer W Science,BSCWS,CCWS,04/03/2025 3:18:21 pm,1
Computer X Science,BSCXS,CCXS,04/03/2025 3:18:21 pm,1
Computer Y Science,BSCYS,CCYS,04/03/2025 3:18:21 pm,1
Computer Z Science,BSCZS,CCZS,04/03/2025 3:18:21 pm,1
Computer AA Science,BSCAAS,CCAAS,04/03/2025 3:18:21 pm,1
Computer BB Science,BSCBBS,CCBBS,04/03/2025 3:18:21 pm,1
Computer CC Science,BSCCCS,CCCCS,04/03/2025 3:18:21 pm,1
Computer DD Science,BSCDDS,CCDDS,04/03/2025 3:18:21 pm,1
Computer EE Science,BSCEES,CCEES,04/03/2025 3:18:21 pm,1
Computer FF Science,BSCFFS,CCFFS,04/03/2025 3:18:21 pm,1
Computer GG Science,BSCGGS,CCGGS,04/03/2025 3:18:21 pm,1
Computer HH Science,BSCHHS,CCHHS,04/03/2025 3:18:21 pm,1
Computer II Science,BSCIIS,CCIIS,04/03/2025 3:18:21 pm,1
Computer JJ Science,BSCJJS,CCJJS,04/03/2025 3:18:21 pm,1
Computer KK Science,BSCKKS,CCKKS,04/03/2025 3:18:21 pm,1
Computer LL Science,BSCLLS,CCLLS,04/03/2025 3:18:21 pm,1
Computer MM Science,BSCMMS,CCMMS,04/03/2025 3:18:21 pm,1
Computer NN Science,BSCNNS,CCNNS,04/03/2025 3:18:21 pm,1
Computer OO Science,BSCOOS,CCOOS,04/03/2025 3:18:21 pm,1
Computer PP Science,BSCPPS,CCPPS,04/03/2025 3:18:21 pm,1
Computer QQ Science,BSCQQS,CCQQS,04/03/2025 3:18:21 pm,1
Computer RR Science,BSCRRS,CCRRS,04/03/2025 3:18:21 pm,1
Computer SS Science,BSCSSS,CCSSS,04/03/2025 3:18:21 pm,1
Computer TT Science,BSCTTS,CCTTS,04/03/2025 3:18:21 pm,1
Computer UU Science,BSCUUS,CCUUS,04/03/2025 3:18:21 pm,1
Computer VV Science,BSCVVS,CCVVS,04/03/2025 3:18:21 pm,1
Computer WW Science,BSCWWS,CCWWS,04/03/2025 3:18:21 pm,1
Computer XX Science,BSCXXS,CCXXS,04/03/2025 3:18:21 pm,1
Computer YY Science,BSCYYS,CCYYS,04/03/2025 3:18:21 pm,1
Computer ZZ Science,BSCZZS,CCZZS,04/03/2025 3:18:21 pm,1
Computer AAA Science,BSCAAAS,CCAAAS,04/03/2025 3:18:21 pm,1
Computer BBB Science,BSCBBBS,CCBBBS,04/03/2025 3:18:21 pm,1
Computer CCC Science,BSCCCCS,CCCCCS,04/03/2025 3:18:21 pm,1
Computer DDD Science,BSCDDDS,CCDDDS,04/03/2025 3:18:21 pm,1
Computer EEE Science,BSCEEES,CCEEES,04/03/2025 3:18:21 pm,1
Computer FFF Science,BSCFFFS,CCFFFS,04/03/2025 3:18:21 pm,1
Computer GGG Science,BSCGGGS,CCGGGS,04/03/2025 3:18:21 pm,1
Computer HHH Science,BSCHHHS,CCHHHS,04/03/2025 3:18:21 pm,1
Computer III Science,BSCIIIS,CCIIIS,04/03/2025 3:18:21 pm,1
Computer JJJ Science,BSCJJJS,CCJJJS,04/03/2025 3:18:21 pm,1
Computer KKK Science,BSCKKKS,CCKKKS,04/03/2025 3:18:21 pm,1
Computer LLL Science,BSCLLLS,CCLLLS,04/03/2025 3:18:21 pm,1
Computer MMM Science,BSCMMMS,CCMMMS,04/03/2025 3:18:21 pm,1
Computer NNN Science,BSCNNNS,CCNNNS,04/03/2025 3:18:21 pm,1
Computer OOO Science,BSCOOOS,CCOOOS,04/03/2025 3:18:21 pm,1
Computer PPP Science,BSCPPPS,CCPPPS,04/03/2025 3:18:21 pm,1
Computer QQQ Science,BSCQQQS,CCQQQS,04/03/2025 3:18:21 pm,1
Computer RRR Science,BSCRRRS,CCRRRS,04/03/2025 3:18:21 pm,1
Computer SSS Science,BSCSSSS,CCSSSS,04/03/2025 3:18:21 pm,1
Computer TTT Science,BSCTTTS,CCTTTS,04/03/2025 3:18:21 pm,1
Computer UUU Science,BSCUUUS,CCUUUS,04/03/2025 3:18:21 pm,1
Computer VVV Science,BSCVVVS,CCVVVS,04/03/2025 3:18:21 pm,1
Computer WWW Science,BSCWWWS,CCWWWS,04/03/2025 3:18:21 pm,1
Computer XXX Science,BSCXXXS,CCXXXS,04/03/2025 4:51:21 pm,1
Computer YYY Science,BSCYYYS,CCYYYS,04/03/2025 3:18:21 pm,1
Computer ZZZ Science,BSCZZZS,CCZZZS,04/03/2025 3:18:21 pm,1
Computer AAAA Science,BSCAAAAS,CCAAAAS,04/03/2025 3:18:21 pm,1
Computer BBBB Science,BSCBBBBS,CCBBBBS,04/03/2025 3:18:21 pm,1
Computer CCCC Science,BSCCCCCS,CCCCCCS,04/03/2025 3:18:21 pm,1
Computer DDDD Science,BSCDDDDS,CCDDDDS,04/03/2025 3:18:21 pm,1
Computer EEEE Science,BSCEEEES,CCEEEES,04/03/2025 3:18:21 pm,1
Computer FFFF Science,BSCFFFFS,CCFFFFS,04/03/2025 3:18:21 pm,1
Computer GGGG Science,BSCGGGGS,CCGGGGS,04/03/2025 3:18:21 pm,1
Computer HHHH Science,BSCHHHHS,CCHHHHS,04/03/2025 3:18:21 pm,1
Computer IIII Science,BSCIIIIS,CCIIIIS,04/03/2025 3:18:21 pm,1
Computer JJJJ Science,BSCJJJJS,CCJJJJS,04/03/2025 3:18:21 pm,1
Computer KKKK Science,BSCKKKKS,CCKKKKS,04/03/2025 3:18:21 pm,1
Computer LLLL Science,BSCLLLLS,CCLLLLS,04/03/2025 3:18:21 pm,1
Computer MMMM Science,BSCMMMMS,CCMMMMS,04/03/2025 3:18:21 pm,1
Computer NNNN Science,BSCNNNNS,CCNNNNS,04/03/2025 3:18:21 pm,1
Computer OOOO Science,BSCOOOOS,CCOOOOS,04/03/2025 3:18:21 pm,1
Computer PPPP Science,BSCPPPPS,CCPPPPS,04/03/2025 3:18:21 pm,1
Computer QQQQ Science,BSCQQQQS,CCQQQQS,04/03/2025 3:18:21 pm,1
Computer RRRR Science,BSCRRRRS,CCRRRRS,04/03/2025 3:18:21 pm,1
Computer SSSS Science,BSCSSSSS,CCSSSSS,04/03/2025 3:18:21 pm,1
Computer TTTT Science,BSCTTTTS,CCTTTTS,04/03/2025 3:18:21 pm,1
Computer UUUU Science,BSCUUUUS,CCUUUUS,04/03/2025 3:18:21 pm,1
Computer VVVV Science,BSCVVVVS,CCVVVVS,04/03/2025 3:18:21 pm,1
Computer WWWW Science,BSCWWWWS,CCWWWWS,04/03/2025 3:18:21 pm,1
Computer XXXX Science,BSCXXXXS,CCXXXXS,04/03/2025 4:51:21 pm,1
Computer YYYY Science,BSCYYYYS,CCYYYYS,04/03/2025 3:18:21 pm,1
Computer ZZZZ Science,BSCZZZZS,CCZZZZS,04/03/2025 3:18:21 pm,1
